{"RuleTriggered": 11, "Violations": 11, "Details": {"algo-1": {"cpu": {"p25": 32.7421875, "p50": 34.508125, "p75": 37.1790625, "p95": 59.38693749999997, "upper": 43.834375, "lower": 26.086875}, "gpu0": {"p25": 0.0, "p50": 0.0, "p75": 18.0, "p95": 19.0, "upper": 20.0, "lower": 0.0}, "gpu0_memory": {"p25": 0.0, "p50": 0.0, "p75": 12.0, "p95": 13.0, "upper": 13.0, "lower": 0.0}}, "last_timestamp": 1644421080000000}, "Datapoints": 2222, "RuleParameters": "cpu_threshold_p95:70\ngpu_threshold_p95:70\ngpu_memory_threshold_p95:70\npatience:1000\nwindow:500"}