{"RuleTriggered": 3, "Violations": 3, "Details": {"algo-1": {"cpu": {"p25": 19.83875, "p50": 22.48375, "p75": 33.938125, "p95": 53.249, "upper": 55.0871875, "lower": 8.28}, "gpu0": {"p25": 0.0, "p50": 0.0, "p75": 16.0, "p95": 19.0, "upper": 21.0, "lower": 0.0}, "gpu0_memory": {"p25": 0.0, "p50": 0.0, "p75": 12.0, "p95": 13.0, "upper": 13.0, "lower": 0.0}}, "last_timestamp": 1643807520000000}, "Datapoints": 1287, "RuleParameters": "cpu_threshold_p95:70\ngpu_threshold_p95:70\ngpu_memory_threshold_p95:70\npatience:1000\nwindow:500"}