{"RuleTriggered": 0, "Violations": 393, "Details": {"low_gpu_utilization": 914, "bottlenecks": {"1643807537.547329": {"GPUs": 1, "CPUs": 1}, "1643807538.04617": {"GPUs": 1, "CPUs": 1}, "1643807538.546114": {"GPUs": 1, "CPUs": 2}, "1643807539.047116": {"GPUs": 1, "CPUs": 2}, "1643807539.546113": {"GPUs": 1, "CPUs": 2}, "1643807540.547174": {"GPUs": 1, "CPUs": 3}, "1643807541.046106": {"GPUs": 1, "CPUs": 3}, "1643807541.546115": {"GPUs": 1, "CPUs": 2}, "1643807544.046124": {"GPUs": 1, "CPUs": 1}, "1643807545.546115": {"GPUs": 1, "CPUs": 1}, "1643807546.046088": {"GPUs": 1, "CPUs": 2}, "1643807546.546194": {"GPUs": 1, "CPUs": 1}, "1643807547.046131": {"GPUs": 1, "CPUs": 2}, "1643807547.546152": {"GPUs": 1, "CPUs": 2}, "1643807548.046113": {"GPUs": 1, "CPUs": 2}, "1643807548.546115": {"GPUs": 1, "CPUs": 3}, "1643807549.046118": {"GPUs": 1, "CPUs": 3}, "1643807549.546332": {"GPUs": 1, "CPUs": 4}, "1643807550.046124": {"GPUs": 1, "CPUs": 3}, "1643807550.546101": {"GPUs": 1, "CPUs": 1}, "1643807564.046142": {"GPUs": 1, "CPUs": 1}, "1643807567.546216": {"GPUs": 1, "CPUs": 1}, "1643807568.046228": {"GPUs": 1, "CPUs": 2}, "1643807568.546113": {"GPUs": 1, "CPUs": 2}, "1643807569.046116": {"GPUs": 1, "CPUs": 3}, "1643807569.546144": {"GPUs": 1, "CPUs": 2}, "1643807570.046128": {"GPUs": 1, "CPUs": 2}, "1643807570.546104": {"GPUs": 1, "CPUs": 3}, "1643807571.046111": {"GPUs": 1, "CPUs": 2}, "1643807571.546095": {"GPUs": 1, "CPUs": 4}, "1643807572.046145": {"GPUs": 1, "CPUs": 2}, "1643807572.546104": {"GPUs": 1, "CPUs": 2}, "1643807573.046102": {"GPUs": 1, "CPUs": 3}, "1643807573.546091": {"GPUs": 1, "CPUs": 3}, "1643807574.046132": {"GPUs": 1, "CPUs": 3}, "1643807574.546125": {"GPUs": 1, "CPUs": 2}, "1643807575.046189": {"GPUs": 1, "CPUs": 1}, "1643807575.546107": {"GPUs": 1, "CPUs": 1}, "1643807579.546146": {"GPUs": 1, "CPUs": 1}, "1643807580.546102": {"GPUs": 1, "CPUs": 1}, "1643807585.047493": {"GPUs": 1, "CPUs": 1}, "1643807585.546149": {"GPUs": 1, "CPUs": 1}, "1643807586.046118": {"GPUs": 1, "CPUs": 1}, "1643807590.046145": {"GPUs": 1, "CPUs": 3}, "1643807590.546091": {"GPUs": 1, "CPUs": 1}, "1643807591.046111": {"GPUs": 1, "CPUs": 2}, "1643807591.546114": {"GPUs": 1, "CPUs": 2}, "1643807592.046127": {"GPUs": 1, "CPUs": 2}, "1643807592.54612": {"GPUs": 1, "CPUs": 2}, "1643807593.04614": {"GPUs": 1, "CPUs": 1}, "1643807600.546124": {"GPUs": 1, "CPUs": 2}, "1643807601.046122": {"GPUs": 1, "CPUs": 2}, "1643807601.546118": {"GPUs": 1, "CPUs": 2}, "1643807602.046119": {"GPUs": 1, "CPUs": 3}, "1643807602.546108": {"GPUs": 1, "CPUs": 3}, "1643807617.546114": {"GPUs": 1, "CPUs": 1}, "1643807618.046123": {"GPUs": 1, "CPUs": 1}, "1643807619.546119": {"GPUs": 1, "CPUs": 1}, "1643807620.54614": {"GPUs": 1, "CPUs": 1}, "1643807622.046141": {"GPUs": 1, "CPUs": 1}, "1643807622.54614": {"GPUs": 1, "CPUs": 2}, "1643807623.046096": {"GPUs": 1, "CPUs": 2}, "1643807623.546119": {"GPUs": 1, "CPUs": 2}, "1643807624.046105": {"GPUs": 1, "CPUs": 2}, "1643807624.546121": {"GPUs": 1, "CPUs": 2}, "1643807638.546121": {"GPUs": 1, "CPUs": 1}, "1643807639.046116": {"GPUs": 1, "CPUs": 1}, "1643807642.046105": {"GPUs": 1, "CPUs": 4}, "1643807642.546147": {"GPUs": 1, "CPUs": 4}, "1643807643.046125": {"GPUs": 1, "CPUs": 4}, "1643807643.546106": {"GPUs": 1, "CPUs": 4}, "1643807644.046101": {"GPUs": 1, "CPUs": 2}, "1643807644.5461": {"GPUs": 1, "CPUs": 3}, "1643807645.046173": {"GPUs": 1, "CPUs": 4}, "1643807645.546135": {"GPUs": 1, "CPUs": 4}, "1643807646.046128": {"GPUs": 1, "CPUs": 4}, "1643807646.546105": {"GPUs": 1, "CPUs": 3}, "1643807647.046111": {"GPUs": 1, "CPUs": 3}, "1643807647.546122": {"GPUs": 1, "CPUs": 1}, "1643807656.546155": {"GPUs": 1, "CPUs": 1}, "1643807658.546128": {"GPUs": 1, "CPUs": 1}, "1643807662.046104": {"GPUs": 1, "CPUs": 2}, "1643807662.546133": {"GPUs": 1, "CPUs": 2}, "1643807663.046079": {"GPUs": 1, "CPUs": 3}, "1643807663.546215": {"GPUs": 1, "CPUs": 2}, "1643807664.046132": {"GPUs": 1, "CPUs": 2}, "1643807664.546126": {"GPUs": 1, "CPUs": 2}, "1643807665.046094": {"GPUs": 1, "CPUs": 2}, "1643807665.546151": {"GPUs": 1, "CPUs": 2}, "1643807666.046111": {"GPUs": 1, "CPUs": 2}, "1643807666.546112": {"GPUs": 1, "CPUs": 1}, "1643807667.046114": {"GPUs": 1, "CPUs": 1}, "1643807667.546144": {"GPUs": 1, "CPUs": 1}, "1643807668.546156": {"GPUs": 1, "CPUs": 1}, "1643807674.046105": {"GPUs": 1, "CPUs": 1}, "1643807674.54611": {"GPUs": 1, "CPUs": 1}, "1643807675.046123": {"GPUs": 1, "CPUs": 1}, "1643807676.046091": {"GPUs": 1, "CPUs": 1}, "1643807677.546146": {"GPUs": 1, "CPUs": 1}, "1643807679.046113": {"GPUs": 1, "CPUs": 1}, "1643807679.546103": {"GPUs": 1, "CPUs": 1}, "1643807680.04612": {"GPUs": 1, "CPUs": 1}, "1643807680.546147": {"GPUs": 1, "CPUs": 1}, "1643807683.046099": {"GPUs": 1, "CPUs": 1}, "1643807683.546077": {"GPUs": 1, "CPUs": 1}, "1643807684.04615": {"GPUs": 1, "CPUs": 1}, "1643807685.546125": {"GPUs": 1, "CPUs": 1}, "1643807686.046078": {"GPUs": 1, "CPUs": 1}, "1643807686.546145": {"GPUs": 1, "CPUs": 1}, "1643807687.046091": {"GPUs": 1, "CPUs": 1}, "1643807692.046108": {"GPUs": 1, "CPUs": 1}, "1643807697.546147": {"GPUs": 1, "CPUs": 1}, "1643807698.046118": {"GPUs": 1, "CPUs": 1}, "1643807700.046185": {"GPUs": 1, "CPUs": 1}, "1643807700.546152": {"GPUs": 1, "CPUs": 2}, "1643807701.046107": {"GPUs": 1, "CPUs": 3}, "1643807701.546116": {"GPUs": 1, "CPUs": 3}, "1643807702.046117": {"GPUs": 1, "CPUs": 3}, "1643807703.546121": {"GPUs": 1, "CPUs": 3}, "1643807717.046104": {"GPUs": 1, "CPUs": 1}, "1643807723.546101": {"GPUs": 1, "CPUs": 1}, "1643807726.546137": {"GPUs": 1, "CPUs": 1}, "1643807728.046155": {"GPUs": 1, "CPUs": 1}, "1643807736.046083": {"GPUs": 1, "CPUs": 1}, "1643807743.046132": {"GPUs": 1, "CPUs": 1}, "1643807744.046127": {"GPUs": 1, "CPUs": 1}, "1643807745.046094": {"GPUs": 1, "CPUs": 1}, "1643807750.046119": {"GPUs": 1, "CPUs": 1}, "1643807764.046153": {"GPUs": 1, "CPUs": 1}, "1643807777.546123": {"GPUs": 1, "CPUs": 1}, "1643807782.54614": {"GPUs": 1, "CPUs": 1}, "1643807789.54612": {"GPUs": 1, "CPUs": 1}, "1643807794.046123": {"GPUs": 1, "CPUs": 1}, "1643807797.046112": {"GPUs": 1, "CPUs": 1}, "1643807801.046124": {"GPUs": 1, "CPUs": 1}, "1643807802.046183": {"GPUs": 1, "CPUs": 1}, "1643807802.546133": {"GPUs": 1, "CPUs": 1}, "1643807803.546124": {"GPUs": 1, "CPUs": 1}, "1643807805.046092": {"GPUs": 1, "CPUs": 1}, "1643807811.046113": {"GPUs": 1, "CPUs": 1}, "1643807812.546106": {"GPUs": 1, "CPUs": 1}, "1643807813.046077": {"GPUs": 1, "CPUs": 1}, "1643807813.546119": {"GPUs": 1, "CPUs": 1}, "1643807814.04611": {"GPUs": 1, "CPUs": 1}, "1643807815.046063": {"GPUs": 1, "CPUs": 1}, "1643807816.546115": {"GPUs": 1, "CPUs": 1}, "1643807817.046103": {"GPUs": 1, "CPUs": 1}, "1643807817.546119": {"GPUs": 1, "CPUs": 1}, "1643807818.046144": {"GPUs": 1, "CPUs": 1}, "1643807820.546113": {"GPUs": 1, "CPUs": 1}, "1643807821.046129": {"GPUs": 1, "CPUs": 1}, "1643807823.546128": {"GPUs": 1, "CPUs": 1}, "1643807824.04608": {"GPUs": 1, "CPUs": 1}, "1643807825.54601": {"GPUs": 1, "CPUs": 1}, "1643807826.546144": {"GPUs": 1, "CPUs": 1}, "1643807828.046101": {"GPUs": 1, "CPUs": 1}, "1643807828.546111": {"GPUs": 1, "CPUs": 1}, "1643807829.546108": {"GPUs": 1, "CPUs": 1}, "1643807830.546113": {"GPUs": 1, "CPUs": 1}, "1643807832.046148": {"GPUs": 1, "CPUs": 1}, "1643807833.04617": {"GPUs": 1, "CPUs": 1}, "1643807833.546134": {"GPUs": 1, "CPUs": 1}, "1643807836.046127": {"GPUs": 1, "CPUs": 1}, "1643807836.546108": {"GPUs": 1, "CPUs": 1}, "1643807838.046119": {"GPUs": 1, "CPUs": 1}, "1643807839.046156": {"GPUs": 1, "CPUs": 1}, "1643807839.546118": {"GPUs": 1, "CPUs": 1}, "1643807841.046121": {"GPUs": 1, "CPUs": 1}, "1643807842.046167": {"GPUs": 1, "CPUs": 1}, "1643807842.546124": {"GPUs": 1, "CPUs": 1}, "1643807843.046103": {"GPUs": 1, "CPUs": 1}, "1643807843.546164": {"GPUs": 1, "CPUs": 1}, "1643807844.046112": {"GPUs": 1, "CPUs": 1}, "1643807846.046145": {"GPUs": 1, "CPUs": 1}, "1643807846.546102": {"GPUs": 1, "CPUs": 1}, "1643807848.046109": {"GPUs": 1, "CPUs": 1},