{"RuleTriggered": 0, "Violations": 291, "Details": {"low_gpu_utilization": 682, "bottlenecks": {"1644269181.631968": {"GPUs": 1, "CPUs": 2}, "1644269182.131928": {"GPUs": 1, "CPUs": 2}, "1644269182.631912": {"GPUs": 1, "CPUs": 3}, "1644269183.631939": {"GPUs": 1, "CPUs": 1}, "1644269185.131959": {"GPUs": 1, "CPUs": 1}, "1644269185.631942": {"GPUs": 1, "CPUs": 1}, "1644269186.631936": {"GPUs": 1, "CPUs": 2}, "1644269187.131917": {"GPUs": 1, "CPUs": 4}, "1644269187.631987": {"GPUs": 1, "CPUs": 3}, "1644269188.131922": {"GPUs": 1, "CPUs": 3}, "1644269188.631938": {"GPUs": 1, "CPUs": 3}, "1644269189.131889": {"GPUs": 1, "CPUs": 3}, "1644269189.631941": {"GPUs": 1, "CPUs": 3}, "1644269190.131997": {"GPUs": 1, "CPUs": 3}, "1644269190.632069": {"GPUs": 1, "CPUs": 2}, "1644269194.631958": {"GPUs": 1, "CPUs": 1}, "1644269196.631924": {"GPUs": 1, "CPUs": 1}, "1644269197.131905": {"GPUs": 1, "CPUs": 3}, "1644269197.631931": {"GPUs": 1, "CPUs": 3}, "1644269198.131913": {"GPUs": 1, "CPUs": 2}, "1644269201.131942": {"GPUs": 1, "CPUs": 1}, "1644269201.631972": {"GPUs": 1, "CPUs": 1}, "1644269208.131945": {"GPUs": 1, "CPUs": 1}, "1644269208.631996": {"GPUs": 1, "CPUs": 2}, "1644269209.131894": {"GPUs": 1, "CPUs": 4}, "1644269209.63191": {"GPUs": 1, "CPUs": 3}, "1644269210.132056": {"GPUs": 1, "CPUs": 2}, "1644269210.631917": {"GPUs": 1, "CPUs": 2}, "1644269211.131911": {"GPUs": 1, "CPUs": 2}, "1644269211.631903": {"GPUs": 1, "CPUs": 2}, "1644269212.131916": {"GPUs": 1, "CPUs": 3}, "1644269212.632002": {"GPUs": 1, "CPUs": 2}, "1644269213.131957": {"GPUs": 1, "CPUs": 2}, "1644269213.631893": {"GPUs": 1, "CPUs": 3}, "1644269214.131899": {"GPUs": 1, "CPUs": 3}, "1644269214.631908": {"GPUs": 1, "CPUs": 1}, "1644269223.131886": {"GPUs": 1, "CPUs": 1}, "1644269223.63194": {"GPUs": 1, "CPUs": 1}, "1644269224.131936": {"GPUs": 1, "CPUs": 2}, "1644269224.631968": {"GPUs": 1, "CPUs": 2}, "1644269225.131893": {"GPUs": 1, "CPUs": 1}, "1644269225.63192": {"GPUs": 1, "CPUs": 1}, "1644269226.131942": {"GPUs": 1, "CPUs": 1}, "1644269226.631909": {"GPUs": 1, "CPUs": 1}, "1644269227.13194": {"GPUs": 1, "CPUs": 1}, "1644269228.631957": {"GPUs": 1, "CPUs": 1}, "1644269231.131935": {"GPUs": 1, "CPUs": 1}, "1644269233.631909": {"GPUs": 1, "CPUs": 1}, "1644269234.131894": {"GPUs": 1, "CPUs": 1}, "1644269234.631966": {"GPUs": 1, "CPUs": 2}, "1644269235.131905": {"GPUs": 1, "CPUs": 1}, "1644269241.131932": {"GPUs": 1, "CPUs": 1}, "1644269250.131935": {"GPUs": 1, "CPUs": 1}, "1644269252.631903": {"GPUs": 1, "CPUs": 1}, "1644269253.131899": {"GPUs": 1, "CPUs": 1}, "1644269253.631889": {"GPUs": 1, "CPUs": 2}, "1644269254.631985": {"GPUs": 1, "CPUs": 2}, "1644269255.131968": {"GPUs": 1, "CPUs": 2}, "1644269255.631933": {"GPUs": 1, "CPUs": 2}, "1644269256.131934": {"GPUs": 1, "CPUs": 2}, "1644269256.631928": {"GPUs": 1, "CPUs": 3}, "1644269257.131909": {"GPUs": 1, "CPUs": 3}, "1644269268.631909": {"GPUs": 1, "CPUs": 1}, "1644269269.131928": {"GPUs": 1, "CPUs": 1}, "1644269269.631876": {"GPUs": 1, "CPUs": 1}, "1644269270.131924": {"GPUs": 1, "CPUs": 2}, "1644269270.631932": {"GPUs": 1, "CPUs": 1}, "1644269271.131928": {"GPUs": 1, "CPUs": 1}, "1644269276.131903": {"GPUs": 1, "CPUs": 2}, "1644269276.631902": {"GPUs": 1, "CPUs": 1}, "1644269277.131905": {"GPUs": 1, "CPUs": 2}, "1644269277.631912": {"GPUs": 1, "CPUs": 2}, "1644269278.131974": {"GPUs": 1, "CPUs": 2}, "1644269279.131882": {"GPUs": 1, "CPUs": 2}, "1644269279.631944": {"GPUs": 1, "CPUs": 1}, "1644269280.131942": {"GPUs": 1, "CPUs": 1}, "1644269280.63191": {"GPUs": 1, "CPUs": 2}, "1644269281.131916": {"GPUs": 1, "CPUs": 3}, "1644269281.631998": {"GPUs": 1, "CPUs": 3}, "1644269290.631884": {"GPUs": 1, "CPUs": 1}, "1644269291.631954": {"GPUs": 1, "CPUs": 1}, "1644269292.631968": {"GPUs": 1, "CPUs": 1}, "1644269295.131916": {"GPUs": 1, "CPUs": 1}, "1644269295.631994": {"GPUs": 1, "CPUs": 1}, "1644269296.131929": {"GPUs": 1, "CPUs": 1}, "1644269297.131925": {"GPUs": 1, "CPUs": 2}, "1644269297.631906": {"GPUs": 1, "CPUs": 4}, "1644269298.131898": {"GPUs": 1, "CPUs": 4}, "1644269298.631905": {"GPUs": 1, "CPUs": 4}, "1644269299.131918": {"GPUs": 1, "CPUs": 4}, "1644269299.631906": {"GPUs": 1, "CPUs": 4}, "1644269300.131899": {"GPUs": 1, "CPUs": 4}, "1644269300.63191": {"GPUs": 1, "CPUs": 4}, "1644269301.131903": {"GPUs": 1, "CPUs": 4}, "1644269301.6319": {"GPUs": 1, "CPUs": 3}, "1644269308.631927": {"GPUs": 1, "CPUs": 1}, "1644269309.131945": {"GPUs": 1, "CPUs": 1}, "1644269318.131934": {"GPUs": 1, "CPUs": 1}, "1644269319.13189": {"GPUs": 1, "CPUs": 1}, "1644269320.631926": {"GPUs": 1, "CPUs": 1}, "1644269321.131908": {"GPUs": 1, "CPUs": 1}, "1644269321.631903": {"GPUs": 1, "CPUs": 1}, "1644269322.13189": {"GPUs": 1, "CPUs": 1}, "1644269323.131908": {"GPUs": 1, "CPUs": 1}, "1644269324.631906": {"GPUs": 1, "CPUs": 1}, "1644269325.131882": {"GPUs": 1, "CPUs": 1}, "1644269325.631934": {"GPUs": 1, "CPUs": 1}, "1644269326.131911": {"GPUs": 1, "CPUs": 1}, "1644269327.131886": {"GPUs": 1, "CPUs": 1}, "1644269327.631953": {"GPUs": 1, "CPUs": 1}, "1644269328.131914": {"GPUs": 1, "CPUs": 1}, "1644269328.631908": {"GPUs": 1, "CPUs": 1}, "1644269338.636801": {"GPUs": 1, "CPUs": 2}, "1644269339.131931": {"GPUs": 1, "CPUs": 1}, "1644269339.631906": {"GPUs": 1, "CPUs": 2}, "1644269341.131904": {"GPUs": 1, "CPUs": 1}, "1644269341.631905": {"GPUs": 1, "CPUs": 1}, "1644269342.131907": {"GPUs": 1, "CPUs": 1}, "1644269342.631946": {"GPUs": 1, "CPUs": 3}, "1644269343.131898": {"GPUs": 1, "CPUs": 2}, "1644269343.631896": {"GPUs": 1, "CPUs": 2}, "1644269344.131931": {"GPUs": 1, "CPUs": 2}, "1644269344.631903": {"GPUs": 1, "CPUs": 2}, "1644269345.131978": {"GPUs": 1, "CPUs": 2}, "1644269354.131942": {"GPUs": 1, "CPUs": 1}, "1644269359.631886": {"GPUs": 1, "CPUs": 1}, "1644269361.631916": {"GPUs": 1, "CPUs": 1}, "1644269362.131915": {"GPUs": 1, "CPUs": 1}, "1644269365.131907": {"GPUs": 1, "CPUs": 1}, "1644269374.131939": {"GPUs": 1, "CPUs": 1}, "1644269385.132103": {"GPUs": 1, "CPUs": 1}, "1644269385.63195": {"GPUs": 1, "CPUs": 1}, "1644269388.631916": {"GPUs": 1, "CPUs": 1}, "1644269403.1319": {"GPUs": 1, "CPUs": 1}, "1644269411.131927": {"GPUs": 1, "CPUs": 1}, "1644269432.631911": {"GPUs": 1, "CPUs": 1}, "1644269434.631908": {"GPUs": 1, "CPUs": 1}, "1644269435.767135": {"GPUs": 1, "CPUs": 1}, "1644269436.631915": {"GPUs": 1, "CPUs": 1}, "1644269437.131916": {"GPUs": 1, "CPUs": 2}, "1644269437.631894": {"GPUs": 1, "CPUs": 3}, "1644269438.131903": {"GPUs": 1, "CPUs": 3}, "1644269438.631918": {"GPUs": 1, "CPUs": 3}, "1644269439.131924": {"GPUs": 1, "CPUs": 3}, "1644269439.632005": {"GPUs": 1, "CPUs": 3}, "1644269440.13194": {"GPUs": 1, "CPUs": 3}, "1644269440.631919": {"GPUs": 1, "CPUs": 3}, "1644269441.131921": {"GPUs": 1, "CPUs": 3}, "1644269441.631911": {"GPUs": 1, "CPUs": 3}, "1644269442.131912": {"GPUs": 1, "CPUs": 3}, "1644269442.631888": {"GPUs": 1, "CPUs": 4}, "1644269444.631934": {"GPUs": 1, "CPUs": 1}, "1644269445.131908": {"GPUs": 1, "CPUs": 1}, "1644269446.131915": {"GPUs": 1, "CPUs": 1}, "1644269446.631908": {"GPUs": 1, "CPUs": 1}, "1644269448.631935": {"GPUs": 1, "CPUs": 1}, "1644269451.631905": {"GPUs": 1, "CPUs": 1}, "1644269453.131908": {"GPUs": 1, "CPUs": 1}, "1644269453.631926": {"GPUs": 1, "CPUs": 1}, "1644269454.631897": {"GPUs": 1, "CPUs": 1}, "1644269457.631939": {"GPUs": 1, "CPUs": 1}, "1644269458.131915": {"GPUs": 1, "CPUs": 1}, "1644269459.131893": {"GPUs": 1, "CPUs": 1}, "1644269460.131926": {"GPUs": 1, "CPUs": 1}, "1644269460.631946": {"GPUs": 1, "CPUs": 1}, "1644269461.131933": {"GPUs": 1, "CPUs": 1}, "1644269461.631932": {"GPUs": 1, "CPUs": 1}, "1644269463.632008": {"GPUs": 1, "CPUs": 1}, "1644269470.63193": {"GPUs": 1, "CPUs": 1}, "1644269471.631925": {"GPUs": 1, "CPUs": 1}, "1644269472.131918": {"GPUs": 1, "CPUs": 1}, "1644269473.131953": {"GPUs": 1, "CPUs": 1}, "1644269474.131936": {"GPUs": 1, "CPUs": 1}, "1644269477.631901": {"GPUs": 1, "CPUs": 1}, "1644269478.63192": {"GPUs": 1, "CPUs": 1}, "1644269479.131906": {"GPUs": 1, "CPUs": 1},