{"RuleTriggered": 0, "Violations": 102, "Details": {"low_gpu_utilization": 1495, "bottlenecks": {"1644421112.517785": {"GPUs": 1, "CPUs": 1}, "1644421131.01771": {"GPUs": 1, "CPUs": 3}, "1644421131.517765": {"GPUs": 1, "CPUs": 1}, "1644421132.018559": {"GPUs": 1, "CPUs": 4}, "1644421132.517805": {"GPUs": 1, "CPUs": 1}, "1644421133.017738": {"GPUs": 1, "CPUs": 3}, "1644421133.517729": {"GPUs": 1, "CPUs": 4}, "1644421134.018085": {"GPUs": 1, "CPUs": 1}, "1644421134.517736": {"GPUs": 1, "CPUs": 2}, "1644421135.017703": {"GPUs": 1, "CPUs": 3}, "1644421135.517752": {"GPUs": 1, "CPUs": 2}, "1644421136.517733": {"GPUs": 1, "CPUs": 1}, "1644421137.0178": {"GPUs": 1, "CPUs": 1}, "1644421137.517747": {"GPUs": 1, "CPUs": 1}, "1644421138.017757": {"GPUs": 1, "CPUs": 2}, "1644421138.517729": {"GPUs": 1, "CPUs": 1}, "1644421146.518519": {"GPUs": 1, "CPUs": 2}, "1644421156.017717": {"GPUs": 1, "CPUs": 2}, "1644421156.517811": {"GPUs": 1, "CPUs": 2}, "1644421157.017721": {"GPUs": 1, "CPUs": 2}, "1644421157.517724": {"GPUs": 1, "CPUs": 1}, "1644421158.017781": {"GPUs": 1, "CPUs": 2}, "1644421158.517727": {"GPUs": 1, "CPUs": 3}, "1644421159.017724": {"GPUs": 1, "CPUs": 3}, "1644421159.517753": {"GPUs": 1, "CPUs": 2}, "1644421160.01774": {"GPUs": 1, "CPUs": 2}, "1644421160.517757": {"GPUs": 1, "CPUs": 2}, "1644421161.017779": {"GPUs": 1, "CPUs": 2}, "1644421161.517767": {"GPUs": 1, "CPUs": 2}, "1644421170.517786": {"GPUs": 1, "CPUs": 3}, "1644421171.017752": {"GPUs": 1, "CPUs": 3}, "1644421171.517743": {"GPUs": 1, "CPUs": 3}, "1644421172.01775": {"GPUs": 1, "CPUs": 4}, "1644421172.517734": {"GPUs": 1, "CPUs": 4}, "1644421173.017773": {"GPUs": 1, "CPUs": 2}, "1644421173.517721": {"GPUs": 1, "CPUs": 3}, "1644421174.017779": {"GPUs": 1, "CPUs": 3}, "1644421182.017733": {"GPUs": 1, "CPUs": 2}, "1644421182.51776": {"GPUs": 1, "CPUs": 2}, "1644421183.01777": {"GPUs": 1, "CPUs": 3}, "1644421183.517738": {"GPUs": 1, "CPUs": 3}, "1644421184.017735": {"GPUs": 1, "CPUs": 3}, "1644421202.517785": {"GPUs": 1, "CPUs": 1}, "1644421203.017751": {"GPUs": 1, "CPUs": 2}, "1644421203.51773": {"GPUs": 1, "CPUs": 1}, "1644421204.01774": {"GPUs": 1, "CPUs": 1}, "1644421205.017734": {"GPUs": 1, "CPUs": 1}, "1644421205.517749": {"GPUs": 1, "CPUs": 2}, "1644421206.017721": {"GPUs": 1, "CPUs": 3}, "1644421206.517759": {"GPUs": 1, "CPUs": 2}, "1644421207.017734": {"GPUs": 1, "CPUs": 2}, "1644421207.517737": {"GPUs": 1, "CPUs": 2}, "1644421208.017734": {"GPUs": 1, "CPUs": 2}, "1644421219.517792": {"GPUs": 1, "CPUs": 1}, "1644421220.017745": {"GPUs": 1, "CPUs": 2}, "1644421220.517725": {"GPUs": 1, "CPUs": 1}, "1644421221.017713": {"GPUs": 1, "CPUs": 1}, "1644421221.517756": {"GPUs": 1, "CPUs": 2}, "1644421227.017805": {"GPUs": 1, "CPUs": 2}, "1644421227.517733": {"GPUs": 1, "CPUs": 2}, "1644421228.017715": {"GPUs": 1, "CPUs": 2}, "1644421228.517712": {"GPUs": 1, "CPUs": 2}, "1644421229.017726": {"GPUs": 1, "CPUs": 2}, "1644421229.517771": {"GPUs": 1, "CPUs": 2}, "1644421230.017748": {"GPUs": 1, "CPUs": 1}, "1644421230.517723": {"GPUs": 1, "CPUs": 1}, "1644421231.017768": {"GPUs": 1, "CPUs": 1}, "1644421231.517741": {"GPUs": 1, "CPUs": 1}, "1644421232.017763": {"GPUs": 1, "CPUs": 2}, "1644421232.517732": {"GPUs": 1, "CPUs": 2}, "1644421233.017763": {"GPUs": 1, "CPUs": 3}, "1644421233.517744": {"GPUs": 1, "CPUs": 2}, "1644421246.51777": {"GPUs": 1, "CPUs": 1}, "1644421247.017729": {"GPUs": 1, "CPUs": 1}, "1644421248.017761": {"GPUs": 1, "CPUs": 2}, "1644421248.517733": {"GPUs": 1, "CPUs": 2}, "1644421249.017706": {"GPUs": 1, "CPUs": 3}, "1644421249.517724": {"GPUs": 1, "CPUs": 3}, "1644421250.017771": {"GPUs": 1, "CPUs": 2}, "1644421250.517763": {"GPUs": 1, "CPUs": 2}, "1644421251.017746": {"GPUs": 1, "CPUs": 3}, "1644421251.51778": {"GPUs": 1, "CPUs": 2}, "1644421252.017721": {"GPUs": 1, "CPUs": 2}, "1644421252.517775": {"GPUs": 1, "CPUs": 2}, "1644421253.017745": {"GPUs": 1, "CPUs": 3}, "1644421253.517715": {"GPUs": 1, "CPUs": 2}, "1644421260.017734": {"GPUs": 1, "CPUs": 1}, "1644421262.017774": {"GPUs": 1, "CPUs": 1}, "1644421262.517679": {"GPUs": 1, "CPUs": 1}, "1644421263.017759": {"GPUs": 1, "CPUs": 1}, "1644421268.017747": {"GPUs": 1, "CPUs": 1}, "1644421271.017752": {"GPUs": 1, "CPUs": 1}, "1644421274.517756": {"GPUs": 1, "CPUs": 1}, "1644421281.017701": {"GPUs": 1, "CPUs": 1}, "1644421287.017788": {"GPUs": 1, "CPUs": 1}, "1644421287.517745": {"GPUs": 1, "CPUs": 1}, "1644421289.017724": {"GPUs": 1, "CPUs": 1}, "1644421289.517763": {"GPUs": 1, "CPUs": 1}, "1644421290.017742": {"GPUs": 1, "CPUs": 1}, "1644421290.517771": {"GPUs": 1, "CPUs": 1}, "1644421292.017773": {"GPUs": 1, "CPUs": 1}, "1644421292.517743": {"GPUs": 1, "CPUs": 2}}}, "Datapoints": 2238, "RuleParameters": "threshold:50\nio_threshold:50\ngpu_threshold:10\npatience:1000"}