{"RuleTriggered": 0, "Violations": 112, "Details": {"low_gpu_utilization": 914, "bottlenecks": {"1643807540.547174": {"GPUs": 1, "CPUs": 1}, "1643807541.046106": {"GPUs": 1, "CPUs": 1}, "1643807541.546115": {"GPUs": 1, "CPUs": 1}, "1643807546.046088": {"GPUs": 1, "CPUs": 1}, "1643807546.546194": {"GPUs": 1, "CPUs": 1}, "1643807547.046131": {"GPUs": 1, "CPUs": 3}, "1643807547.546152": {"GPUs": 1, "CPUs": 4}, "1643807548.046113": {"GPUs": 1, "CPUs": 4}, "1643807548.546115": {"GPUs": 1, "CPUs": 3}, "1643807549.046118": {"GPUs": 1, "CPUs": 4}, "1643807549.546332": {"GPUs": 1, "CPUs": 4}, "1643807550.046124": {"GPUs": 1, "CPUs": 4}, "1643807551.046116": {"GPUs": 1, "CPUs": 1}, "1643807552.04613": {"GPUs": 1, "CPUs": 1}, "1643807552.546115": {"GPUs": 1, "CPUs": 1}, "1643807568.046228": {"GPUs": 1, "CPUs": 3}, "1643807568.546113": {"GPUs": 1, "CPUs": 4}, "1643807569.046116": {"GPUs": 1, "CPUs": 3}, "1643807569.546144": {"GPUs": 1, "CPUs": 3}, "1643807570.046128": {"GPUs": 1, "CPUs": 4}, "1643807570.546104": {"GPUs": 1, "CPUs": 3}, "1643807571.046111": {"GPUs": 1, "CPUs": 3}, "1643807571.546095": {"GPUs": 1, "CPUs": 4}, "1643807572.046145": {"GPUs": 1, "CPUs": 3}, "1643807572.546104": {"GPUs": 1, "CPUs": 3}, "1643807573.046102": {"GPUs": 1, "CPUs": 4}, "1643807573.546091": {"GPUs": 1, "CPUs": 2}, "1643807574.046132": {"GPUs": 1, "CPUs": 3}, "1643807574.546125": {"GPUs": 1, "CPUs": 4}, "1643807575.046189": {"GPUs": 1, "CPUs": 1}, "1643807575.546107": {"GPUs": 1, "CPUs": 2}, "1643807576.046108": {"GPUs": 1, "CPUs": 1}, "1643807576.546118": {"GPUs": 1, "CPUs": 2}, "1643807577.046104": {"GPUs": 1, "CPUs": 1}, "1643807577.546132": {"GPUs": 1, "CPUs": 1}, "1643807578.046104": {"GPUs": 1, "CPUs": 1}, "1643807578.546165": {"GPUs": 1, "CPUs": 1}, "1643807579.046182": {"GPUs": 1, "CPUs": 2}, "1643807579.546146": {"GPUs": 1, "CPUs": 2}, "1643807580.046118": {"GPUs": 1, "CPUs": 1}, "1643807580.546102": {"GPUs": 1, "CPUs": 2}, "1643807581.046189": {"GPUs": 1, "CPUs": 2}, "1643807581.546099": {"GPUs": 1, "CPUs": 1}, "1643807582.04614": {"GPUs": 1, "CPUs": 2}, "1643807590.046145": {"GPUs": 1, "CPUs": 3}, "1643807590.546091": {"GPUs": 1, "CPUs": 2}, "1643807591.046111": {"GPUs": 1, "CPUs": 2}, "1643807591.546114": {"GPUs": 1, "CPUs": 3}, "1643807592.046127": {"GPUs": 1, "CPUs": 2}, "1643807592.54612": {"GPUs": 1, "CPUs": 2}, "1643807593.04614": {"GPUs": 1, "CPUs": 2}, "1643807600.046109": {"GPUs": 1, "CPUs": 2}, "1643807600.546124": {"GPUs": 1, "CPUs": 2}, "1643807601.046122": {"GPUs": 1, "CPUs": 3}, "1643807601.546118": {"GPUs": 1, "CPUs": 2}, "1643807602.046119": {"GPUs": 1, "CPUs": 3}, "1643807602.546108": {"GPUs": 1, "CPUs": 3}, "1643807617.546114": {"GPUs": 1, "CPUs": 2}, "1643807618.046123": {"GPUs": 1, "CPUs": 1}, "1643807618.546099": {"GPUs": 1, "CPUs": 1}, "1643807620.54614": {"GPUs": 1, "CPUs": 2}, "1643807621.04609": {"GPUs": 1, "CPUs": 2}, "1643807621.54613": {"GPUs": 1, "CPUs": 3}, "1643807622.046141": {"GPUs": 1, "CPUs": 2}, "1643807622.54614": {"GPUs": 1, "CPUs": 2}, "1643807623.046096": {"GPUs": 1, "CPUs": 3}, "1643807623.546119": {"GPUs": 1, "CPUs": 2}, "1643807624.046105": {"GPUs": 1, "CPUs": 3}, "1643807624.546121": {"GPUs": 1, "CPUs": 3}, "1643807625.046066": {"GPUs": 1, "CPUs": 2}, "1643807638.546121": {"GPUs": 1, "CPUs": 1}, "1643807639.046116": {"GPUs": 1, "CPUs": 2}, "1643807641.54609": {"GPUs": 1, "CPUs": 2}, "1643807642.046105": {"GPUs": 1, "CPUs": 4}, "1643807642.546147": {"GPUs": 1, "CPUs": 4}, "1643807643.046125": {"GPUs": 1, "CPUs": 4}, "1643807643.546106": {"GPUs": 1, "CPUs": 4}, "1643807644.046101": {"GPUs": 1, "CPUs": 3}, "1643807644.5461": {"GPUs": 1, "CPUs": 4}, "1643807645.046173": {"GPUs": 1, "CPUs": 4}, "1643807645.546135": {"GPUs": 1, "CPUs": 4}, "1643807646.046128": {"GPUs": 1, "CPUs": 4}, "1643807646.546105": {"GPUs": 1, "CPUs": 4}, "1643807647.046111": {"GPUs": 1, "CPUs": 3}, "1643807661.046122": {"GPUs": 1, "CPUs": 1}, "1643807661.546143": {"GPUs": 1, "CPUs": 3}, "1643807662.046104": {"GPUs": 1, "CPUs": 3}, "1643807662.546133": {"GPUs": 1, "CPUs": 2}, "1643807663.046079": {"GPUs": 1, "CPUs": 3}, "1643807663.546215": {"GPUs": 1, "CPUs": 3}, "1643807664.046132": {"GPUs": 1, "CPUs": 2}, "1643807664.546126": {"GPUs": 1, "CPUs": 2}, "1643807665.046094": {"GPUs": 1, "CPUs": 2}, "1643807665.546151": {"GPUs": 1, "CPUs": 2}, "1643807666.046111": {"GPUs": 1, "CPUs": 2}, "1643807666.546112": {"GPUs": 1, "CPUs": 2}, "1643807667.046114": {"GPUs": 1, "CPUs": 1}, "1643807667.546144": {"GPUs": 1, "CPUs": 1}, "1643807672.046127": {"GPUs": 1, "CPUs": 1}, "1643807672.546083": {"GPUs": 1, "CPUs": 1}, "1643807679.046113": {"GPUs": 1, "CPUs": 1}, "1643807682.046092": {"GPUs": 1, "CPUs": 1}, "1643807697.546147": {"GPUs": 1, "CPUs": 2}, "1643807698.046118": {"GPUs": 1, "CPUs": 2}, "1643807698.546103": {"GPUs": 1, "CPUs": 2}, "1643807699.046229": {"GPUs": 1, "CPUs": 1}, "1643807700.046185": {"GPUs": 1, "CPUs": 2}, "1643807700.546152": {"GPUs": 1, "CPUs": 2}, "1643807701.046107": {"GPUs": 1, "CPUs": 3}, "1643807701.546116": {"GPUs": 1, "CPUs": 3}, "1643807702.046117": {"GPUs": 1, "CPUs": 5}, "1643807703.546121": {"GPUs": 1, "CPUs": 3}}}, "Datapoints": 1302, "RuleParameters": "threshold:50\nio_threshold:50\ngpu_threshold:10\npatience:1000"}